LABEL,CATEGORY,FLOWIAT_MEAN,FLOWIAT_MIN,FLOWIAT_MAX,FLOWIAT_STD,FIAT_MEAN,FIAT_MIN,FIAT_MAX,FIAT_STD,BIAT_MEAN,BIAT_MIN,BIAT_MAX,BIAT_STD,ACTIVE_MEAN,ACTIVE_MIN,ACTIVE_MAX,ACTIVE_STD,IDLE_MEAN,IDLE_MIN,IDLE_MAX,IDLE_STD,DURATION,FB_PSEC,FP_SEC,FIRST_PACKET_DIR_0,FIRST_PACKET_DIR_1,FIRST_PACKET_DIR_2,FIRST_PACKET_DIR_3,FIRST_PACKET_DIR_4,FIRST_PACKET_DIR_5,FIRST_PACKET_DIR_6,FIRST_PACKET_DIR_7,FIRST_PACKET_DIR_8,FIRST_PACKET_DIR_9,INCOMING_BURSTS_MEAN,INCOMING_BURSTS_COUNT,INCOMING_BURSTS_LONGEST,OUTGOING_BURSTS_MEAN,OUTGOING_BURSTS_COUNT,OUTGOING_BURSTS_LONGEST,FIRST_INCOMING_BURST_0,FIRST_INCOMING_BURST_1,FIRST_INCOMING_BURST_2,FIRST_INCOMING_BURST_3,FIRST_INCOMING_BURST_4,FIRST_INCOMING_BURST_5,FIRST_INCOMING_BURST_6,FIRST_INCOMING_BURST_7,FIRST_INCOMING_BURST_8,FIRST_INCOMING_BURST_9,FIRST_OUTGOING_BURST_0,FIRST_OUTGOING_BURST_1,FIRST_OUTGOING_BURST_2,FIRST_OUTGOING_BURST_3,FIRST_OUTGOING_BURST_4,FIRST_OUTGOING_BURST_5,FIRST_OUTGOING_BURST_6,FIRST_OUTGOING_BURST_7,FIRST_OUTGOING_BURST_8,FIRST_OUTGOING_BURST_9,SIZE_583,SIZE_595,SIZE_1500,SIZE_1097,SIZE_1138,SIZE_1109,SIZE_151,SIZE_1126,SIZE_233,TOT_IN_PACKETS,TOT_OUT_PACKETS,TOT_PACKETS,TOT_BYTES,IP_SRC,IP_DST
youtube,streaming,0.004913253114754098,0.000089,0.624686,0.024750054113897427,0.08233748351648351,0.000131,1.049025,0.15399008608051654,0.005136895048814505,0.000111,0.624686,0.0313758504984072,14.985422,14.985422,14.985422,0.0,0.0,0,0,0.0,14.985422,299868.4321335762182739998914,203.5311384624336905560617512,1,-1,1,-1,-1,-1,-1,-1,1,-1,21.03676470588235,136,55,3.111111111111111,18,5,5,26,28,9,19,2,6,32,32,29,3,3,2,2,2,4,2,5,5,4,25,0,2884,1,0,0,8,22,0,2868,182,3050,4493655,192.168.37.39,94.23.150.81
youtube,streaming,0.0031653853133572483,0.000085,1.209466,0.02012522070187821,0.0636335641025641,0.000119,1.209466,0.09545492020753611,0.0033298026637069923,0.000119,1.326990,0.023900499204254223,15.000761,15.000761,15.000761,0.0,0.0,0,0,0.0,15.000761,464545.2987351775019947321339,315.9173057953526491089352067,-1,-1,-1,-1,-1,-1,-1,-1,-1,-1,22.83756345177665,197,51,2.6842105263157894,19,6,26,27,24,35,37,26,2,36,33,36,2,2,2,5,2,2,2,2,2,2,27,0,4542,5,1,0,3,36,0,4505,234,4739,6968533,192.168.37.39,94.23.150.81
youtube,streaming,0.004293922261484099,0.000088,4.277017,0.07430249227775572,0.08880386585365854,0.000117,4.277017,0.33812326116495367,0.004486213180693069,0.000126,4.597609,0.08177624118668686,5.1525715,3.433035,6.872108,1.7195365,4.277017,4.277017,4.277017,0.0,14.582160,342094.6553871305759914854864,232.8873088760512845833539064,-1,-1,-1,-1,-1,-1,-1,-1,-1,-1,21.52,150,42,2.0,10,2,11,3,20,22,28,21,22,25,18,24,2,2,2,2,2,2,2,2,2,2,27,0,3259,3,1,0,2,23,0,3232,164,3396,4988479,192.168.37.39,94.23.150.81
youtube,streaming,0.0077596487406398915,0.000114,3.263536,0.09180210705316137,0.13733643373493976,0.000126,3.263536,0.38554248386688283,0.00799186507936508,0.000123,4.123236,0.11508610467511411,4.067694,1.830010,6.305378,2.2376840000000002,3.263536,3.263536,3.263536,0.0,11.398924,188404.7125851527740688507091,128.8718128132093871316275115,1,1,-1,-1,-1,-1,-1,-1,-1,-1,20.043478260869566,69,52,2.111111111111111,9,3,11,18,17,17,18,19,2,15,2,11,2,2,3,2,2,2,2,2,2,0,21,1,1387,1,0,0,3,13,0,1386,83,1469,2147611,192.168.37.39,94.23.150.81
youtube,streaming,0.006553279263480931,0.000102,5.064786,0.10908531922206366,0.12951554782608696,0.000102,5.064786,0.4831129484041781,0.006790579409048938,0.000141,5.445365,0.1209542506459492,4.941622000000001,4.873081,5.010163,0.06854100000000019,5.064786,5.064786,5.064786,0.0,14.948030,223537.2152718451862887617967,152.5953587195101963268738422,1,1,-1,-1,-1,-1,-1,-1,-1,-1,21.838383838383837,99,49,2.090909090909091,11,3,11,17,25,24,23,21,5,28,35,36,2,2,2,2,3,2,2,2,2,2,25,1,2171,3,0,0,2,21,0,2166,115,2281,3341441,192.168.37.39,94.23.150.81
youtube,streaming,0.014055467661691544,0.000102,3.863576,0.17578635702927597,0.17337040740740747,0.004935,4.101751,0.5533858481959714,0.014853569926393272,0.000108,3.883173,0.18554260920211285,2.1472876666666667,0.811846,4.021608,1.3646576340367895,3.8419410000000003,3.820306,3.863576,0.02163500000000007,14.125745,104288.5171720146441833687356,71.14668996219314450317487679,-1,-1,-1,-1,-1,-1,-1,-1,-1,-1,18.627450980392158,51,39,4.0,1,4,15,2,11,11,18,19,34,19,37,14,4,0,0,0,0,0,0,0,0,0,23,2,938,4,0,0,0,19,0,951,54,1005,1473153,192.168.37.39,94.23.150.81
youtube,streaming,0.007792027469624933,0.000083,4.722846,0.11383014808708647,0.1418298846153846,0.000121,4.722846,0.4840552231397281,0.008074806036892118,0.000119,5.497749,0.13563016990046295,5.013731,4.584249,5.443213,0.42948200000000014,4.722846,4.722846,4.722846,0.0,14.750308,187213.2432760048129164489311,128.3363032148210057715404994,1,1,-1,-1,-1,-1,-1,-1,-1,-1,19.63736263736264,91,46,2.25,8,4,11,19,20,20,21,28,19,32,29,26,2,2,2,2,4,2,2,2,0,0,24,0,1790,3,1,0,5,17,0,1789,104,1893,2761453,192.168.37.39,94.23.150.81
youtube,streaming,0.010785111270638909,0.000080,5.381526,0.15629868502253758,0.21603627536231879,0.000156,5.381526,0.6774864848435989,0.011073973564954685,0.000085,5.485261,0.16724582986794043,4.821067,2.308327,7.333807,2.51274,5.381526,5.381526,5.381526,0.0,15.023660,135652.5640223487485739160764,92.72041566435875146269284582,1,1,1,-1,-1,-1,1,1,-1,-1,21.688524590163933,61,65,2.1666666666666665,6,3,3,8,12,49,2,34,9,31,22,23,3,2,2,2,2,2,0,0,0,0,22,3,1315,1,1,0,0,9,0,1324,69,1393,2037998,192.168.37.39,94.23.150.81
youtube,streaming,0.009044258231116849,0.000061,2.506898,0.09664436633198,0.1681657349397591,0.000133,2.626805,0.4185614823928423,0.009487190995907231,0.000119,2.556515,0.10962188913581848,3.114395666666667,0.435327,5.959815,2.258428114679372,2.3331844999999998,2.159471,2.506898,0.17371350000000008,14.009556,161791.2801804711012968576592,110.5673870035567151450053092,-1,-1,-1,-1,-1,-1,-1,-1,1,-1,19.81081081081081,74,45,2.125,8,3,8,15,10,15,16,22,16,16,29,13,2,2,2,2,2,2,3,2,0,0,26,1,1458,7,0,0,1,16,0,1466,83,1549,2266624,192.168.37.39,94.23.150.81
youtube,streaming,0.006522232804232803,0.000119,3.130047,0.08902511140222023,0.13358697247706422,0.000121,4.251317,0.4670446023050711,0.006832465493283927,0.000119,6.645149,0.1457488406635836,4.6733325,4.037326,5.309339,0.6360064999999997,5.445759,5.445759,5.445759,0.0,14.792424,226388.6567880963931266437468,153.3217273923462442666597442,-1,-1,1,1,-1,-1,-1,-1,-1,-1,21.7979797979798,99,69,2.0,9,2,2,24,18,22,25,24,27,17,17,19,2,2,2,2,2,2,2,2,2,0,12,1,2180,5,0,0,1,16,0,2159,109,2268,3348837,192.168.37.39,94.23.150.81
youtube,streaming,0.013849824561403509,0.000082,6.595501,0.21813655774049065,0.2241407647058823,0.000097,6.595501,0.9140304531942757,0.014534263565891473,0.000082,7.961995,0.26290664382876394,1.9866716666666668,0.099283,4.352024,1.7687638721736967,4.5196724999999995,2.443844,6.595501,2.0758285,14.999360,106191.5975081603481748554605,72.20308066477503040129712201,-1,-1,-1,-1,-1,-1,-1,1,-1,-1,23.386363636363637,44,65,2.6666666666666665,3,4,7,30,32,16,33,8,21,44,7,28,2,2,4,0,0,0,0,0,0,0,4,0,1027,5,1,0,0,5,0,1032,51,1083,1592806,192.168.37.39,94.23.150.81
youtube,streaming,0.010302473867595821,0.000073,3.861625,0.15029073580654256,0.1861135079365079,0.000170,3.861625,0.6428908529088998,0.01090068202764977,0.000129,4.273750,0.16912141486049037,1.557978,0.796801,1.946236,0.5382698457261005,3.5766530000000003,3.291681,3.861625,0.284972,11.827240,141964.6510935771997524359022,97.06406566536233305488009037,-1,-1,-1,-1,-1,-1,-1,-1,-1,-1,21.235294117647058,51,55,2.5714285714285716,7,4,36,32,22,10,4,54,30,3,47,31,2,2,4,2,2,4,2,0,0,0,12,0,1094,3,0,0,1,5,1,1085,63,1148,1679050,192.168.37.39,94.23.150.81
youtube,streaming,0.009113718104495745,0.000064,6.679946,0.1848496849910914,0.15047019480519486,0.000141,6.782799,0.7629535907911384,0.009560981516889739,0.000086,6.904702,0.19442428499954284,2.4582145,1.297739,3.618690,1.1604755,5.0423755,3.404805,6.679946,1.6375705,15.001180,161362.3728266709685504740294,109.7247016568029981641444206,-1,1,-1,-1,-1,-1,-1,-1,1,-1,25.274193548387096,62,59,2.1666666666666665,12,3,6,24,35,33,24,12,39,33,39,52,2,3,3,2,2,2,2,2,2,2,9,0,1582,1,1,0,1,1,0,1569,77,1646,2420626,192.168.37.39,94.23.150.81
youtube,streaming,0.005887254861821904,0.000085,4.950542,0.11373186240416402,0.12417507608695653,0.000139,4.981520,0.5175736435437543,0.006133263157894735,0.000119,5.242527,0.12410569581064777,3.2765769999999996,2.013004,4.540150,1.2635729999999998,4.950542,4.950542,4.950542,0.0,11.503696,250427.8624887166698424575893,169.8584524486738870707292682,-1,-1,-1,-1,-1,-1,-1,-1,-1,-1,24.460526315789473,76,88,2.0,13,2,43,44,3,31,27,19,31,14,65,14,2,2,2,2,2,2,2,2,2,2,7,0,1886,0,1,0,0,4,0,1862,92,1954,2880846,192.168.37.39,94.23.150.81
youtube,streaming,0.005557882051282051,0.000089,4.215319,0.08964725138702258,0.11940026271186442,0.000101,4.215319,0.41865066095127507,0.005671791063301613,0.000111,4.535251,0.0983516376725006,4.936956,3.617648,6.256264,1.319308,4.215319,4.215319,4.215319,0.0,14.089231,265191.5494891098030829361801,179.9246530914284817957772145,1,-1,-1,-1,-1,-1,-1,-1,-1,-1,25.125,96,62,2.066666666666667,15,3,29,29,30,32,31,33,16,17,18,21,2,2,2,2,2,2,2,2,2,2,10,0,2442,5,0,0,0,7,2,2417,118,2535,3736345,192.168.37.39,94.23.150.81
youtube,streaming,0.005578058997050148,0.000069,4.071690,0.09121987390884242,0.11568832142857144,0.000137,4.071690,0.4115424151008491,0.005694084033613446,0.000090,6.042962,0.12733968743248833,4.582522,3.457674,5.707370,1.124848,4.07169,4.071690,4.071690,0.0,13.236734,264118.0974098293430992871807,179.2738299341816493403886487,1,-1,-1,-1,-1,-1,-1,-1,-1,-1,24.02127659574468,94,80,2.0714285714285716,14,3,16,31,36,18,6,9,37,31,9,27,2,2,2,2,3,2,2,2,2,2,5,2,2277,5,0,0,0,4,0,2261,112,2373,3496061,192.168.37.39,94.23.150.81
youtube,streaming,0.006635803699897224,0.000063,6.622155,0.15044909114253605,0.14213947191011234,0.000201,6.622155,0.693402008748368,0.006892361335487344,0.000063,6.981628,0.1624297503412195,3.1455595,2.639327,3.651792,0.5062324999999999,6.622155,6.622155,6.622155,0.0,12.913274,222371.4915365382938517373673,150.6976464682775259008675879,-1,-1,-1,-1,1,-1,-1,-1,-1,-1,25.36986301369863,73,84,2.2222222222222223,9,3,4,14,15,36,39,33,9,54,34,6,2,2,3,3,2,2,2,2,2,0,10,1,1868,0,1,0,2,7,0,1857,89,1946,2871544,192.168.37.39,94.23.150.81
youtube,streaming,0.006803033671586717,0.000084,7.216045,0.1556576732555318,0.14602947524752474,0.000102,7.216045,0.7121720203036331,0.006760441219158201,0.000084,7.501585,0.16537861883548627,3.766466,3.451371,4.081561,0.3150949999999999,7.216045,7.216045,7.216045,0.0,14.748977,216471.9627673159975773234984,146.9932457010408247297422730,1,1,1,-1,-1,1,-1,-1,-1,-1,26.151898734177216,79,80,2.25,16,3,2,28,26,18,17,12,23,24,9,12,3,2,2,2,2,2,2,3,3,3,7,0,2081,2,0,0,1,9,1,2067,101,2168,3192740,192.168.37.39,94.23.150.81
youtube,streaming,0.005809466949152542,0.000086,5.356424,0.11177234779058391,0.1293428490566038,0.000098,5.649554,0.5463961887453026,0.005942233806566105,0.000086,5.684534,0.1215022859312782,4.176959,3.821745,4.532173,0.35521400000000014,5.356424,5.356424,5.356424,0.0,13.710342,253540.1378025435105849292454,172.1328322809161142734440906,1,-1,-1,-1,-1,-1,1,-1,-1,-1,24.225806451612904,93,83,2.0,11,2,5,18,39,31,32,26,24,15,8,47,2,2,2,2,2,2,2,2,2,2,9,1,2265,4,0,0,0,11,0,2254,106,2360,3476122,192.168.37.39,94.23.150.81
youtube,streaming,0.007506530938123752,0.000081,5.759426,0.13237533539957227,0.14698504901960782,0.000081,5.787728,0.5792895936817679,0.00778291167192429,0.000113,6.660269,0.15593466788660215,4.641831,4.218785,5.064877,0.42304600000000026,5.759426,5.759426,5.759426,0.0,15.043088,194282.8493724160890370381400,133.2173287824946580117061072,1,1,-1,1,-1,1,1,-1,-1,-1,23.419753086419753,81,61,2.142857142857143,14,3,9,48,35,39,38,39,61,5,16,27,2,2,2,2,3,2,2,2,3,2,20,0,1890,1,1,0,2,10,1,1902,102,2004,2922614,192.168.37.39,94.23.150.81
youtube,streaming,0.00859589453125,0.000082,4.104316,0.12406743625597656,0.13904142105263156,0.000084,4.104316,0.4617323607718877,0.009042893835616439,0.000082,4.447495,0.13483209399828375,2.1712043333333333,0.001794,3.714646,1.5790704168829486,3.3448405,2.585365,4.104316,0.7594755,13.203294,168649.6566690100212871121403,116.3346055916046404783533564,1,-1,-1,-1,-1,-1,-1,-1,-1,-1,22.106060606060606,66,61,2.0,9,2,32,2,28,12,16,6,28,15,19,38,2,2,2,2,2,2,2,2,2,0,17,0,1421,5,0,0,0,14,0,1460,76,1536,2226731,192.168.37.39,94.23.150.81
youtube,streaming,0.006648738190954772,0.000057,4.516069,0.11221615810522467,0.14265644565217392,0.000112,4.815149,0.5361362818706996,0.006695101159114858,0.000085,4.810432,0.12385159874038489,2.2173503333333335,0.357609,3.303449,1.3212079216044013,3.289469,2.062869,4.516069,1.2266,13.230989,220635.4339800297619475006744,150.4044784558433235792124081,1,1,-1,-1,-1,-1,-1,-1,-1,-1,24.32051282051282,78,65,2.0833333333333335,12,3,11,52,33,20,14,20,16,14,22,35,2,2,2,2,2,2,3,2,2,2,8,0,1896,5,0,1,0,5,1,1898,92,1990,2919225,192.168.37.39,94.23.150.81
youtube,streaming,0.005900854066985646,0.000084,3.575215,0.08902391702936593,0.1254181525423729,0.000145,3.575215,0.3976605652692993,0.005641055648535565,0.000084,6.563249,0.13431009875859584,4.352987000000001,4.000027,4.705947,0.35295999999999994,6.093368,6.093368,6.093368,0.0,14.799342,249747.0495647711905029291167,169.4669938704031571133365254,1,1,1,1,-1,-1,-1,-1,-1,-1,23.88,100,65,2.6666666666666665,9,6,20,21,45,16,39,4,61,4,13,9,4,2,2,2,6,2,2,2,2,0,9,1,2413,2,2,0,3,14,1,2390,118,2508,3696092,192.168.37.39,94.23.150.81
youtube,streaming,0.008859447135262847,0.000091,6.078627,0.16461692885439622,0.14471415662650602,0.000094,6.078627,0.6579629387793023,0.009316176397515526,0.000091,6.402295,0.1784964680168194,1.9858016666666665,0.000515,3.886482,1.5875670180084438,4.5208195,2.963012,6.078627,1.5578075,14.999044,165683.3595527821639832511992,112.8738604940421536199240432,-1,-1,-1,1,-1,-1,-1,-1,-1,-1,24.0,67,61,2.3636363636363638,11,4,3,16,32,21,2,34,12,4,54,38,2,2,2,3,2,2,2,4,2,3,14,2,1612,1,0,1,2,10,1,1610,83,1693,2485092,192.168.37.39,94.23.150.81
youtube,streaming,0.006135980401763841,0.000084,3.255705,0.08101774074890296,0.12643135353535356,0.000124,3.521999,0.3794814752887944,0.006386773429454171,0.000102,3.489518,0.09275015874457757,4.6339155000000005,4.567667,4.700164,0.06624849999999993,3.255705,3.255705,3.255705,0.0,12.523536,243297.4201535413001567608382,162.9731411320253321426153125,-1,-1,-1,-1,1,-1,-1,-1,-1,-1,24.2125,80,78,2.076923076923077,13,3,4,24,10,33,63,3,33,33,2,35,2,2,2,2,2,2,3,2,2,2,19,0,1928,3,0,0,1,6,1,1942,99,2041,3046944,192.168.37.39,94.23.150.81
youtube,streaming,0.006281913469735721,0.000081,5.353077,0.11355443243820904,0.13041919469026547,0.000093,5.353077,0.5075825914198178,0.006462179131213614,0.000081,5.586358,0.12269113725885493,4.692146,4.683218,4.701074,0.008928000000000047,5.353077,5.353077,5.353077,0.0,14.737369,233094.1160528721239184551869,159.1871656331601658342136917,1,1,-1,-1,-1,-1,-1,-1,1,-1,24.47252747252747,91,81,2.25,12,3,6,13,47,33,3,16,8,44,13,18,2,2,2,2,2,2,3,3,3,2,12,0,2234,3,0,0,3,10,0,2233,113,2346,3435194,192.168.37.39,94.23.150.81
youtube,streaming,0.0068870503875968995,0.000057,4.392175,0.1064316650419376,0.1522871827956989,0.000122,4.392175,0.48598191049968475,0.006345636732623033,0.000085,4.831675,0.11327453597821359,4.9113485,4.223266,5.599431,0.6880825000000002,4.392175,4.392175,4.392175,0.0,14.214872,213405.1576405330980117161801,145.2000411962907580173778561,1,-1,-1,-1,-1,-1,-1,-1,-1,-1,25.532467532467532,77,70,2.1,10,3,12,21,30,4,50,3,26,5,38,9,2,2,2,2,2,2,3,2,2,2,12,2,1968,0,1,0,2,12,0,1971,93,2064,3033527,192.168.37.39,94.23.150.81
youtube,streaming,0.010230592700729924,0.000109,4.344906,0.14540579952201707,0.20919271641791046,0.000112,4.344906,0.6517660598066417,0.010485392171910975,0.000123,4.801363,0.16624547140621576,2.313247666666667,0.426076,5.636107,2.3568347505930256,3.5380845,2.731263,4.344906,0.8068214999999999,14.015912,143357.5638888143704098598793,97.74604749230731471487549294,1,1,-1,-1,1,1,-1,-1,-1,-1,25.03846153846154,52,89,2.1818181818181817,11,3,2,4,24,32,29,6,23,9,28,26,2,2,2,2,2,2,2,3,2,3,10,0,1302,5,0,1,2,3,0,1303,67,1370,2009287,192.168.37.39,94.23.150.81
youtube,streaming,0.006736041241890639,0.000098,4.842903,0.10912086219085637,0.13459608333333334,0.000174,4.842903,0.4771918390092016,0.006948847317073171,0.000098,5.274767,0.12325346062939792,4.846737,2.775384,6.918090,2.071353,4.842903,4.842903,4.842903,0.0,14.536377,217301.8765267301474088075729,148.4551480743791936601534206,1,-1,-1,-1,-1,-1,-1,-1,-1,-1,23.50574712643678,87,62,2.3636363636363638,11,4,26,29,2,35,3,30,34,61,9,9,2,3,2,4,2,2,2,2,2,3,18,1,2050,3,1,0,1,2,2,2050,108,2158,3158782,192.168.37.39,94.23.150.81
youtube,streaming,0.009932426402640264,0.000098,4.661189,0.14863601338048568,0.19799507894736842,0.000098,4.661189,0.6397351286153875,0.010302161917998608,0.000100,5.078656,0.17020525685331409,1.40016375,0.693097,2.207517,0.6786460907193731,3.148990333333334,2.374401,4.661189,1.0693925022183806,15.047626,147561.0837217777741153322125,100.6803332299726215949279973,1,-1,-1,-1,-1,-1,-1,-1,-1,-1,22.80952380952381,63,63,2.25,8,3,9,17,33,33,25,8,14,36,28,8,2,3,2,2,2,2,3,2,0,0,13,0,1436,2,0,0,1,3,1,1439,76,1515,2220444,192.168.37.39,94.23.150.81
youtube,streaming,0.02353591887675507,0.000117,3.281688,0.21489884487880115,0.38074335897435896,0.000172,3.281688,0.8097965910635699,0.024914275747508305,0.000117,4.793475,0.2714729274824729,1.63708425,0.089628,3.059360,1.0624639627997683,2.8460623333333337,2.525563,3.281688,0.31924056590219785,15.086524,61542.53955384288653900659953,42.48824977841151480619392512,1,-1,1,1,1,-1,-1,1,-1,-1,21.464285714285715,28,51,3.0,5,4,2,10,19,33,34,2,8,12,4,16,3,3,4,2,3,0,0,0,0,0,12,3,598,2,0,0,1,1,0,602,39,641,928463,192.168.37.39,94.23.150.81
youtube,streaming,0.011236018475750576,0.000090,5.133493,0.1649250807116494,0.2298990476190476,0.000334,5.133493,0.7190581976744352,0.011698679611650487,0.000090,5.595623,0.18628718097623387,1.31462725,0.535179,2.063444,0.6949580081027829,3.1123596666666664,2.068591,5.133493,1.4294141774720936,14.595588,130500.4635647429894568139358,88.99949765641507556941179759,-1,-1,-1,-1,-1,-1,-1,-1,-1,-1,24.215686274509803,51,58,2.2222222222222223,9,3,19,7,37,16,34,4,5,36,25,28,2,2,2,3,3,2,2,2,2,0,12,0,1233,1,1,0,0,12,0,1236,63,1299,1904731,192.168.37.39,94.23.150.81
youtube,streaming,0.011107240685543963,0.000084,5.579561,0.17231267028106176,0.22932180000000002,0.000098,5.579561,0.7546457094691257,0.011420698512137825,0.000084,5.735635,0.1854770680378344,2.3512643333333334,0.716813,4.411441,1.5380725078654633,3.926062,2.272563,5.579561,1.653499,14.905917,131701.9945837616028587841996,90.03136137146074273726332972,1,-1,-1,-1,-1,-1,-1,-1,-1,-1,26.5625,48,51,2.076923076923077,13,3,19,9,42,32,16,5,24,43,35,9,3,2,2,2,2,2,2,2,2,2,11,1,1267,1,0,0,0,8,0,1277,65,1342,1963139,192.168.37.39,94.23.150.81
youtube,streaming,0.013610644680851065,0.000121,2.642204,0.12731420604153532,0.19340354838709675,0.000121,2.642204,0.46105543149620415,0.014473441913439633,0.000136,3.012512,0.1512965917802196,2.5206743333333335,1.999364,2.882424,0.3777507517401153,2.6159915,2.589779,2.642204,0.026212499999999972,12.794006,105556.1487152655704554148247,73.47190551575479955222781668,-1,1,1,-1,-1,1,-1,-1,-1,1,20.714285714285715,42,53,2.3333333333333335,9,4,2,3,2,18,16,52,32,7,18,32,2,4,2,2,2,3,2,2,2,0,28,0,860,4,0,0,1,6,1,878,62,940,1350486,192.168.37.39,94.23.150.81
youtube,streaming,0.009409675241157555,0.000085,3.679611,0.1451566947420045,0.19189567213114753,0.000100,3.679611,0.6337308869330692,0.009550072696534235,0.000166,4.018279,0.16117332085308964,1.497128,0.660107,2.166569,0.6263221916665576,3.607126,3.534641,3.679611,0.07248499999999991,11.705636,155451.5277939618146335662582,106.2735933357230653678279420,1,-1,-1,-1,-1,-1,-1,-1,-1,-1,23.19607843137255,51,93,2.2857142857142856,7,3,10,18,34,36,28,15,18,15,46,20,2,2,3,2,3,2,2,0,0,0,8,1,1180,2,0,0,2,2,0,1183,61,1244,1819659,192.168.37.39,94.23.150.81
youtube,streaming,0.01981531691078562,0.000104,3.460563,0.1878423257719345,0.3100271458333333,0.000136,4.838465,0.816592933869644,0.020809559032716925,0.000104,3.525981,0.20508577335273379,2.9310233333333335,0.648721,6.271470,2.414343064807255,3.0441165000000003,2.627670,3.460563,0.41644649999999994,14.881303,72235.87880711789821092951336,50.46601094003663523281529850,1,-1,-1,-1,-1,-1,1,-1,-1,-1,23.2,30,74,2.4285714285714284,7,4,5,19,48,42,4,5,12,13,40,26,2,2,2,2,2,4,3,0,0,0,29,0,687,2,0,0,3,2,0,703,48,751,1074964,192.168.37.39,94.23.150.81
youtube,streaming,0.008253547263681592,0.000080,2.365991,0.08873946909125745,0.15700423157894736,0.000122,2.365991,0.373321044932486,0.007672464994165694,0.000080,3.907972,0.10490898460306983,6.282338,5.954467,6.610209,0.327871,2.365991,2.365991,2.365991,0.0,14.930667,175924.6254705164879773957855,121.1600258715836338724854020,-1,1,-1,-1,1,-1,1,-1,-1,-1,21.897435897435898,78,49,2.1,10,3,2,6,6,22,7,17,26,36,17,2,2,2,2,2,3,2,2,2,2,2,33,0,1690,1,0,0,1,5,1,1714,95,1809,2626672,192.168.37.39,94.23.150.81
youtube,streaming,0.010197493541808293,0.000063,2.206152,0.11215111726452073,0.20304078082191782,0.000131,2.226510,0.4744476963299262,0.010729980686695279,0.000063,4.233279,0.1501698259565438,2.14750925,0.962068,3.947891,1.100129032659891,2.1368253333333334,2.094097,2.206152,0.04946166366209504,15.000513,144168.3361095717193138661324,98.06331290136543996861973987,-1,-1,-1,-1,-1,-1,-1,-1,-1,-1,24.45614035087719,57,74,2.3,10,3,20,28,36,8,32,26,22,8,41,11,3,3,2,3,2,2,2,2,2,2,18,0,1379,0,0,0,0,8,0,1398,73,1471,2162599,192.168.37.39,94.23.150.81
youtube,streaming,0.01736825691699605,0.000120,2.828465,0.17753463645021056,0.32893819999999996,0.001061,2.991927,0.7314681035353217,0.013984068150208624,0.000122,4.474287,0.19825650381399923,1.3526834999999997,0.286780,2.809633,1.0961847429134606,2.590591,2.317150,2.828465,0.21025304741826387,13.182507,84972.00115273976338491608614,57.57630168525607458429568822,-1,-1,-1,-1,-1,-1,-1,-1,-1,-1,20.457142857142856,35,56,2.0,2,2,12,20,12,20,27,56,2,3,3,10,2,2,0,0,0,0,0,0,0,0,7,0,702,0,1,0,1,5,1,719,40,759,1120144,192.168.37.39,94.23.150.81
youtube,streaming,0.009778481039325845,0.000084,4.091457,0.12764969240702928,0.19875171014492757,0.000102,4.091457,0.5533331994767107,0.010276425830258304,0.000084,5.649985,0.17200730545755888,4.91655,3.798446,6.034654,1.1181039999999998,4.091457,4.091457,4.091457,0.0,13.924557,149466.8017086647711665082056,102.2653718893893715972436322,-1,-1,-1,-1,-1,-1,-1,-1,-1,-1,23.736842105263158,57,51,2.5714285714285716,7,5,33,24,13,26,26,42,34,17,26,9,3,2,2,2,5,2,2,0,0,0,10,1,1341,4,1,0,1,7,0,1355,69,1424,2081259,192.168.37.39,94.23.150.81
youtube,streaming,0.02320947469458988,0.000075,4.972398,0.24436816340446224,0.35503988571428574,0.000075,4.972398,0.9192274037398325,0.02215479925650558,0.000119,5.681887,0.28622807011398316,2.050431666666667,0.872633,2.817838,0.8454868512481762,3.573867,2.175336,4.972398,1.398531,13.299029,63813.38066109939304591335202,43.08585235809321116601821080,-1,-1,1,1,-1,-1,-1,-1,-1,-1,21.52,25,53,2.4285714285714284,7,4,2,33,12,37,33,4,4,11,23,53,2,2,3,2,2,2,4,0,0,0,11,0,519,0,0,0,0,2,0,538,35,573,848656,192.168.37.39,94.23.150.81
youtube,streaming,0.013878711417816814,0.000069,2.800654,0.14585175275870868,0.23242057446808506,0.000128,3.039140,0.5902919136156909,0.014748444000000001,0.000069,2.806452,0.15837448723688274,2.015153,0.007864,3.070691,1.4199999489396704,2.507937,2.215220,2.800654,0.2927170000000001,11.061333,105290.6552944387444081106680,72.05279869975888077865479685,-1,-1,-1,-1,-1,-1,-1,-1,-1,-1,21.314285714285713,35,49,2.8,5,4,12,38,38,5,19,49,38,15,14,12,4,2,2,4,2,0,0,0,0,0,17,0,730,1,0,1,3,2,1,750,47,797,1164655,192.168.37.39,94.23.150.81
youtube,streaming,0.021016782472613457,0.000081,4.473180,0.20682139711017636,0.321733756097561,0.000128,4.473180,0.7644976694202312,0.022446986622073575,0.000081,5.111633,0.24646333549715754,4.478272,3.448051,5.508493,1.0302209999999998,4.47318,4.473180,4.473180,0.0,13.429724,68232.82444225957286985197909,47.58102251393997374778513691,1,-1,-1,-1,-1,-1,-1,-1,-1,-1,21.285714285714285,28,76,2.375,8,3,14,18,23,10,22,36,42,13,51,6,3,2,2,2,3,3,2,2,0,0,19,0,583,3,0,0,0,1,1,598,41,639,916348,192.168.37.39,94.23.150.81
youtube,streaming,0.025488272569444446,0.000076,5.220930,0.29011317912347384,0.45652596874999996,0.000129,5.220930,1.1658141765385597,0.017184389705882354,0.000076,6.351205,0.27563430025191504,1.5545550000000001,0.821480,2.287630,0.733075,5.7860675,5.220930,6.351205,0.5651375000000001,14.681245,56832.91846161548288309336163,39.23372983694502748234226729,-1,-1,-1,-1,-1,-1,-1,-1,-1,-1,21.72,25,54,2.5,4,3,21,25,35,17,16,33,3,38,43,5,2,2,3,3,0,0,0,0,0,0,9,0,534,0,0,0,0,3,0,544,32,576,834378,192.168.37.39,94.23.150.81
youtube,streaming,0.021026017857142854,0.000100,2.251051,0.16986707999002915,0.3578798974358974,0.000108,2.251051,0.6456392761507793,0.02232145971563981,0.000100,2.909395,0.21595677235848204,3.263748666666667,1.484941,4.582966,1.3058476636592118,2.1691190000000002,2.087187,2.251051,0.0819319999999999,14.129484,69468.49580635782594750098447,47.56012321469064263068630107,-1,-1,-1,-1,-1,-1,-1,-1,-1,-1,22.535714285714285,28,45,2.4285714285714284,7,5,34,27,23,6,34,6,37,38,34,29,2,2,2,2,5,2,2,0,0,0,14,0,620,4,0,0,0,2,0,633,39,672,981554,192.168.37.39,94.23.150.81
youtube,streaming,0.029720171936758893,0.000090,2.817013,0.22565784993235874,0.449017303030303,0.000430,2.817013,0.7807966330481338,0.02629843128964059,0.000090,4.631808,0.303161507973017,2.546329666666667,0.757717,3.847481,1.3076376428622045,3.699709,2.817013,4.582405,0.8826959999999997,15.038407,49381.16118283006970086658780,33.64718084834384386590946767,1,1,-1,-1,-1,-1,-1,-1,-1,-1,21.40909090909091,22,44,2.5,6,4,12,20,32,32,29,23,29,44,15,10,2,2,3,2,2,4,0,0,0,0,14,0,461,2,0,0,0,2,0,473,33,506,742614,192.168.37.39,94.23.150.81
youtube,streaming,0.016220400476758046,0.000084,2.781225,0.16769982245495207,0.30929354545454557,0.000132,2.781225,0.6816690660598992,0.014525091823899371,0.000084,4.630799,0.22392467768101462,2.7310463333333335,2.114065,3.351764,0.5052954078492655,2.7078885,2.634552,2.781225,0.07333650000000014,13.608916,90071.53839438791451133947774,61.65075895831820844511054371,1,-1,-1,-1,-1,-1,-1,-1,-1,1,23.38235294117647,34,55,2.0,9,2,8,18,55,4,33,22,12,36,31,4,2,2,2,2,2,2,2,2,2,0,9,0,785,0,0,0,0,8,0,795,44,839,1225776,192.168.37.39,94.23.150.81
youtube,streaming,0.017258187424425635,0.000089,2.491652,0.14750397928509681,0.29127593877551017,0.000175,2.491652,0.5783425935688422,0.01364933290488432,0.000091,3.991267,0.1655389237752541,4.7925225000000005,2.165444,7.419601,2.6270785,2.343738,2.195824,2.491652,0.1479140000000001,14.272521,85411.18979611240368817814316,57.94351257216577225565126161,1,-1,-1,-1,-1,-1,-1,-1,-1,-1,21.0,37,70,2.111111111111111,9,3,70,22,5,19,11,21,28,29,8,30,2,3,2,2,2,2,2,2,2,0,15,0,762,1,0,0,2,7,1,778,49,827,1219033,192.168.37.39,94.23.150.81
youtube,streaming,0.006887300599354541,0.000051,2.938465,0.08821232495844068,0.14076010377358492,0.000051,2.938465,0.38844426205963617,0.007144900145419292,0.000084,4.684539,0.12636665540300895,6.000045,5.391484,6.608606,0.6085609999999999,2.938465,2.938465,2.938465,0.0,14.938555,212541.8422330673883785948507,145.1947661604485842171481780,-1,-1,-1,-1,-1,-1,-1,-1,-1,-1,24.211764705882352,85,96,2.4545454545454546,11,3,11,15,29,15,38,25,3,20,20,18,2,3,2,2,3,2,3,2,2,3,22,0,2052,1,0,0,2,8,1,2063,106,2169,3175068,192.168.37.39,94.23.150.81
youtube,streaming,0.012135523235800342,0.000084,4.102681,0.14854422738848597,0.22650590322580644,0.000095,4.102681,0.6164398623373889,0.0088281,0.000084,2.739405,0.10602208689382091,2.5305406666666665,0.084630,6.924229,3.113455422225102,3.2549279999999996,2.407175,4.102681,0.8477529999999998,14.101478,119865.5204794844909164840735,82.40270984360646451386159664,-1,-1,-1,-1,-1,-1,-1,-1,-1,-1,24.377777777777776,45,51,2.5555555555555554,9,5,21,30,11,34,30,2,11,51,20,5,2,3,2,2,3,2,2,2,5,0,19,0,1079,3,1,1,2,5,0,1100,62,1162,1690281,192.168.37.39,94.23.150.81
youtube,streaming,0.007237022244691608,0.000095,3.272942,0.09634177337449144,0.15039170526315787,0.000107,3.272942,0.4278114411652792,0.0075703159851301105,0.000104,5.476558,0.13443229143072524,4.483801,4.278982,4.688620,0.20481900000000008,5.347228,5.347228,5.347228,0.0,14.314830,202396.1164750122774772735687,138.1783786464806078730938474,-1,-1,-1,-1,-1,-1,-1,-1,-1,-1,22.914634146341463,82,57,2.0,9,2,13,47,10,6,57,13,28,31,14,24,2,2,2,2,2,2,2,2,2,0,20,1,1858,1,1,0,1,13,0,1883,95,1978,2897266,192.168.37.39,94.23.150.81
youtube,streaming,0.008672825867507887,0.000094,4.269829,0.12000563278799839,0.1656196265060241,0.000169,4.298119,0.5098175849906788,0.007950353528628497,0.000117,4.655878,0.13276237862610615,4.7383,3.506440,5.970160,1.23186,4.269829,4.269829,4.269829,0.0,13.746429,169039.6829605710690390937166,115.3026724249621483514009347,1,1,-1,-1,-1,-1,-1,-1,-1,-1,21.414285714285715,70,56,2.5,6,4,8,19,26,29,56,11,43,16,43,28,2,2,2,4,3,2,0,0,0,0,18,0,1480,1,0,0,3,8,1,1502,83,1585,2323692,192.168.37.39,94.23.150.81
youtube,streaming,0.014876583516483514,0.000077,2.859974,0.15732900210701165,0.24952685185185183,0.000159,2.908298,0.6170379198497119,0.015768830607476636,0.000077,3.564898,0.19226044028352407,2.6189646666666664,0.048324,7.299789,3.315176465072544,2.8403985,2.820823,2.859974,0.019575499999999968,13.537691,97068.62122942531337138659761,67.21973488684296310205337084,-1,-1,-1,-1,-1,-1,-1,-1,-1,-1,20.357142857142858,42,53,2.5714285714285716,7,4,13,20,37,19,12,24,3,10,12,7,4,3,2,2,2,2,3,0,0,0,25,0,830,2,0,0,0,3,2,856,54,910,1314085,192.168.37.39,94.23.150.81
youtube,streaming,0.009386986283474853,0.000091,2.622706,0.10688541513850389,0.19098190666666662,0.000124,2.622706,0.4554582217077412,0.00986637912087912,0.000099,4.098747,0.15091252162122284,5.874385,5.448337,6.300433,0.42604799999999976,2.622706,2.622706,2.622706,0.0,14.371476,155576.4348769743622714883287,106.5304635376352435894545557,-1,-1,-1,-1,-1,-1,-1,-1,-1,-1,24.216666666666665,60,53,2.5,8,5,18,24,28,43,31,4,27,27,19,25,2,2,5,2,2,2,2,3,0,0,8,0,1440,0,2,0,1,8,0,1456,75,1531,2235863,192.168.37.39,94.23.150.81
youtube,streaming,0.006824711926605505,0.000088,3.098959,0.08463631332586549,0.14728722,0.000124,3.188317,0.3882847899391523,0.006431729807692309,0.000094,4.701120,0.10854986474910558,5.8894565,4.731540,7.047373,1.1579165000000002,3.098959,3.098959,3.098959,0.0,14.877872,214650.7914572729218264547511,146.5263311849974243628389867,1,-1,-1,-1,-1,-1,-1,-1,-1,-1,24.13953488372093,86,59,2.111111111111111,9,3,12,22,37,15,53,29,25,24,26,35,2,2,3,2,2,2,2,2,2,0,21,0,2053,1,0,0,0,12,1,2080,100,2180,3193547,192.168.37.39,94.23.150.81
youtube,streaming,0.01660185446527012,0.000061,2.875016,0.15689490441575282,0.28411098113207545,0.000120,2.875016,0.5994385378758803,0.013585177985948478,0.000085,3.560970,0.1668224383641057,4.946719,1.625599,8.267839,3.32112,2.582222,2.289428,2.875016,0.292794,15.057882,87816.79920190635044158268739,60.23423480141496659357537800,1,-1,-1,-1,-1,-1,-1,-1,-1,-1,21.3,40,67,2.25,8,3,11,14,32,26,15,25,20,9,18,24,3,2,2,2,2,3,2,2,0,0,22,0,832,2,0,0,1,1,0,854,53,907,1322335,192.168.37.39,94.23.150.81
youtube,streaming,0.015957534042553193,0.000112,3.200875,0.1587021287396073,0.28527225,0.000126,3.200875,0.636064177552859,0.01689198423423423,0.000112,4.913978,0.21648951349585252,3.1475416666666667,1.915630,5.179121,1.447341162178504,2.7787284999999997,2.356582,3.200875,0.4221465,15.000082,91514.49972073485998276542755,62.66632409076163716971680555,-1,-1,-1,-1,-1,-1,-1,-1,-1,-1,21.071428571428573,42,48,2.0,8,2,13,41,45,48,32,8,2,33,21,32,2,2,2,2,2,2,2,2,0,0,13,0,869,3,1,0,2,6,2,888,52,940,1372725,192.168.37.39,94.23.150.81
youtube,streaming,0.024956547747747748,0.000122,3.262313,0.22580593696027387,0.4602670000000001,0.001247,3.262313,0.9055340446998851,0.019849093333333335,0.000122,4.262646,0.2502781912728483,1.8598949999999999,0.500634,4.428786,1.8175070997478935,2.757066333333333,2.057171,3.262313,0.5108867373611842,13.850884,58658.27769548860563701204919,40.06964465228356543885574379,-1,1,-1,1,-1,1,-1,-1,1,-1,21.75,24,47,2.5,2,3,2,11,19,36,40,31,46,4,13,24,2,3,0,0,0,0,0,0,0,0,13,0,511,1,0,0,0,5,0,525,30,555,812469,192.168.37.39,94.23.150.81
youtube,streaming,0.011196197647058823,0.000097,3.840931,0.13569518663114521,0.20961001470588234,0.000141,3.840931,0.5604607987040531,0.011730019055509527,0.000098,6.539018,0.21036750135463184,5.2171105,2.718347,7.715874,2.4987635,3.840931,3.840931,3.840931,0.0,14.275152,130151.0484792035839618380246,89.31603670489813348397271006,-1,-1,-1,-1,-1,-1,-1,-1,-1,-1,21.90909090909091,55,61,2.5714285714285716,7,5,24,23,40,11,37,37,5,6,23,28,2,2,2,5,2,2,3,0,0,0,15,0,1197,0,0,0,2,4,2,1207,68,1275,1857926,192.168.37.39,94.23.150.81
youtube,streaming,0.01663258121546961,0.000075,4.793607,0.18506871965736343,0.32018563829787233,0.000102,4.793607,0.760747876452086,0.016671775058275058,0.000083,5.755709,0.2350814838613597,5.1294395,5.002622,5.256257,0.12681750000000003,4.793607,4.793607,4.793607,0.0,15.052486,88350.78803594303293157024029,60.12295909127568695297241931,1,-1,-1,-1,-1,-1,-1,-1,-1,-1,21.4,40,48,2.25,4,3,10,20,30,26,28,8,11,42,5,9,2,3,2,2,0,0,0,0,0,0,14,0,836,0,0,0,0,9,0,858,47,905,1329899,192.168.37.39,94.23.150.81
youtube,streaming,0.0291821051212938,0.000123,2.238724,0.20958337239890826,0.4164061923076923,0.000175,3.940035,0.8732663066301499,0.030972133333333336,0.000125,3.801413,0.3064885127585635,4.2939185,1.455789,7.132048,2.8381295,2.238724,2.238724,2.238724,0.0,10.826561,49425.75948170430111648565043,34.26757582578623073384059814,1,-1,-1,-1,-1,-1,-1,-1,-1,-1,18.157894736842106,19,47,3.0,3,4,11,30,3,8,14,9,35,5,46,12,4,3,2,0,0,0,0,0,0,0,10,0,337,2,0,0,1,4,0,345,26,371,535111,192.168.37.39,94.23.150.81
youtube,streaming,0.013072108614232211,0.000090,6.142535,0.1951390990129108,0.22701239344262292,0.000196,6.142535,0.794305050267611,0.01261114498510427,0.000090,6.969608,0.22441662979831634,3.9092385,3.795150,4.023327,0.11408850000000004,6.142535,6.142535,6.142535,0.0,13.961012,111242.5804089273757518437775,76.49875238270692697635386317,1,1,-1,-1,-1,-1,-1,-1,-1,-1,21.361702127659573,47,55,2.8333333333333335,6,6,11,21,47,2,17,15,21,55,10,43,2,2,2,6,2,3,0,0,0,0,20,0,989,1,0,0,2,5,0,1007,61,1068,1553059,192.168.37.39,94.23.150.81
youtube,streaming,0.014287706382978724,0.000086,5.062206,0.18948805213587994,0.2798009166666667,0.000208,5.351149,0.8393949249922241,0.01491169955156951,0.000094,5.185471,0.2018356482370624,4.184119,3.473029,4.895209,0.7110900000000002,5.062206,5.062206,5.062206,0.0,13.430444,102607.6278639782869427101591,69.99024008439333800133487769,1,1,-1,-1,-1,-1,-1,-1,-1,-1,22.25,40,66,2.0,5,2,27,29,19,22,11,50,30,19,5,66,2,2,2,2,2,0,0,0,0,0,14,2,875,2,0,0,1,0,1,892,48,940,1378066,192.168.37.39,94.23.150.81
youtube,streaming,0.011406345220030346,0.000086,5.853052,0.17737551707223245,0.24822311666666666,0.000140,5.853052,0.8110141693032062,0.011411897456279808,0.000086,6.632670,0.21321316301779,4.5902555,2.006720,7.173791,2.5835355,5.853052,5.853052,5.853052,0.0,15.033563,130181.4480040426876848821534,87.67050099833286360658481293,1,1,1,-1,-1,1,1,-1,-1,-1,25.612244897959183,49,57,2.142857142857143,7,3,2,29,57,28,3,47,8,39,8,34,3,2,2,2,2,2,2,0,0,0,9,0,1242,4,0,0,1,3,0,1258,60,1318,1957091,192.168.37.39,94.23.150.81
youtube,streaming,0.00708483257918552,0.000085,5.270745,0.1278253532617766,0.15464177777777777,0.000128,5.270745,0.5916136062501196,0.0074090853586247785,0.000085,6.385393,0.15561442307462592,3.6276194999999998,3.042265,4.212974,0.5853545,5.270745,5.270745,5.270745,0.0,12.525984,210829.6641605162516573548234,141.1465957484857077895038027,1,-1,-1,-1,-1,-1,-1,-1,-1,-1,25.560606060606062,66,95,2.1666666666666665,12,4,28,2,95,2,18,8,30,12,23,17,2,2,2,4,2,2,2,2,2,2,4,0,1679,3,1,0,2,3,0,1687,81,1768,2640849,192.168.37.39,94.23.150.81
youtube,streaming,0.007955641053197205,0.000071,4.849715,0.11895912450532635,0.16028835869565217,0.000139,4.894496,0.5273458323048297,0.007490085358959864,0.000082,5.407609,0.1289064843458157,4.977866499999999,4.381739,5.573994,0.5961275000000001,4.849715,4.849715,4.849715,0.0,14.805448,187953.5830324080703265446611,125.6969731682553611346309818,1,1,1,-1,-1,-1,-1,-1,-1,-1,22.602564102564102,78,88,2.142857142857143,7,3,35,25,12,15,28,28,28,43,7,36,3,2,2,2,2,2,2,0,0,0,14,1,1754,1,0,0,3,7,0,1769,92,1861,2782737,192.168.37.39,94.23.150.81
youtube,streaming,0.011969201900237529,0.000066,6.270425,0.18281961371543856,0.22165911764705878,0.000092,6.348925,0.7789415621340722,0.012352210041841004,0.000066,6.276557,0.19307782536417598,4.4233385,3.338416,5.508261,1.0849225,6.270425,6.270425,6.270425,0.0,15.117102,123085.6945994013932035386147,83.54775935228855371882785470,1,1,-1,-1,1,-1,-1,-1,1,-1,20.92982456140351,57,58,2.125,8,3,2,3,3,24,23,41,30,34,33,27,2,3,2,2,2,2,2,2,0,0,15,1,1178,1,0,1,2,7,1,1195,68,1263,1860699,192.168.37.39,94.23.150.81
youtube,streaming,0.007838331325301205,0.000084,4.590924,0.12316012399518513,0.15868107142857144,0.000122,4.657291,0.5607441870622168,0.008223642556179776,0.000084,6.425046,0.17040308182945774,3.5597715,2.048165,5.071378,1.5116065,4.590924,4.590924,4.590924,0.0,11.710467,188025.8917086739580923630117,127.5781742948423833140044714,-1,-1,-1,-1,-1,-1,-1,-1,-1,-1,24.94736842105263,57,65,2.3333333333333335,9,4,65,24,43,21,30,26,29,29,3,56,3,2,2,2,4,2,2,2,2,0,9,0,1428,4,0,0,1,7,1,1424,70,1494,2201871,192.168.37.39,94.23.150.81
youtube,streaming,0.006539447281323877,0.000082,3.668526,0.08777121419106838,0.135597362745098,0.000123,3.668526,0.38762758194264474,0.006610296572280178,0.000082,5.780030,0.12905356565244336,5.0812025,4.730307,5.432098,0.3508955,3.668526,3.668526,3.668526,0.0,13.830931,225998.3800078244913520282908,152.9181224315268437099425917,1,1,-1,-1,-1,-1,-1,-1,1,-1,24.51219512195122,82,95,2.6,10,6,6,23,16,28,53,6,21,36,3,10,2,2,2,4,6,2,2,2,2,2,16,1,1982,1,0,0,3,9,0,2013,102,2115,3125768,192.168.37.39,94.23.150.81
youtube,streaming,0.008266197910940076,0.000083,6.283411,0.15233086536187654,0.17283004597701151,0.000094,6.395299,0.6978561999096867,0.008462838337182449,0.000083,7.233334,0.17940687645315032,4.3764015,3.473434,5.279369,0.9029674999999999,6.283411,6.283411,6.283411,0.0,15.036214,177476.2583187496533369370774,120.9746017182250797973479228,1,1,-1,-1,1,1,-1,-1,-1,-1,25.028985507246375,69,60,2.2,10,3,2,42,15,18,30,16,15,51,11,34,2,2,2,2,2,3,2,2,3,2,12,1,1722,2,0,0,2,7,0,1732,87,1819,2668571,192.168.37.39,94.23.150.81
youtube,streaming,0.013971177900552486,0.000072,2.898882,0.16146420414561266,0.2570125306122449,0.007100,5.857686,0.885866199805732,0.014759259345794393,0.000083,2.898882,0.1702570906218363,1.4481263333333334,0.109245,2.400132,0.9744384358136172,4.1497685,2.504608,5.794929,1.6451604999999998,12.643916,104054.1553740154553383619442,71.57592631902964239876316799,-1,1,-1,-1,-1,-1,-1,1,-1,1,19.837209302325583,43,60,2.5,2,3,5,10,17,27,15,30,9,13,2,25,3,2,0,0,0,0,0,0,0,0,15,0,839,0,0,0,1,4,0,856,49,905,1315652,192.168.37.39,94.23.150.81
youtube,streaming,0.007075793071161049,0.000085,4.177442,0.10358748005973818,0.16112897849462363,0.000250,4.231228,0.4850496474009263,0.00662324522760646,0.000085,5.890760,0.13051905758778523,5.468226,5.130660,5.805792,0.33756600000000025,4.177442,4.177442,4.177442,0.0,15.113894,210937.8297876113197565101356,141.3269141625579748011994791,1,1,-1,-1,-1,-1,-1,-1,-1,-1,24.878048780487806,82,89,2.0,8,2,25,34,11,10,39,11,26,5,50,2,2,2,2,2,2,2,2,2,0,0,9,0,2012,0,0,0,0,10,0,2043,93,2136,3188092,192.168.37.39,94.23.150.81
youtube,streaming,0.014433711946050096,0.000078,3.826462,0.13261526771161164,0.22836727692307693,0.000078,3.826462,0.5361934756913636,0.015397937307297022,0.000084,4.157141,0.15001927397126183,5.5778655,0.797975,10.357756,4.7798905000000005,3.826462,3.826462,3.826462,0.0,14.982193,102318.5991530078407079657831,69.28224726513668593109166328,-1,-1,-1,-1,-1,-1,-1,-1,-1,-1,18.980392156862745,51,60,2.25,8,4,14,9,9,17,25,28,4,3,22,22,2,4,2,2,2,2,2,2,0,0,9,0,965,3,0,0,1,9,0,973,65,1038,1532957,192.168.37.39,94.23.150.81
youtube,streaming,0.012182826969943135,0.000081,2.061470,0.0932247456343969,0.17670517857142856,0.000420,2.195053,0.34458527660304794,0.013041809938971229,0.000081,3.016844,0.1280398317527397,6.467795000000001,1.294541,11.641049,5.173254000000001,2.06147,2.061470,2.061470,0.0,14.997060,118586.7096617603716995197725,82.08275488662444505789801468,-1,-1,-1,-1,-1,-1,-1,-1,-1,-1,20.267857142857142,56,47,2.6,10,4,17,7,2,15,21,24,25,12,12,19,2,3,2,3,4,2,2,3,2,3,36,0,1125,4,0,0,3,13,0,1147,84,1231,1778452,192.168.37.39,94.23.150.81
youtube,streaming,0.033561013698630134,0.000123,5.541125,0.3009469263297653,0.4454461818181818,0.000336,5.541125,1.0267567749897248,0.021917760493827158,0.000123,4.493817,0.23421203022944181,3.305707,0.219949,6.391465,3.085758,4.044155,2.547185,5.541125,1.4969700000000001,14.699724,42616.31034705141402654906990,29.79647781142013278616659741,1,1,-1,-1,1,1,1,-1,-1,1,17.52173913043478,23,43,2.1666666666666665,6,3,2,2,8,21,19,20,21,21,13,2,2,3,2,2,2,2,0,0,0,0,18,0,388,2,0,0,1,5,0,405,33,438,626448,192.168.37.39,94.23.150.81
youtube,streaming,0.01388599322033898,0.000095,5.002222,0.1797179756668229,0.2552214583333333,0.000141,5.052762,0.7545507749606705,0.014682322580645162,0.000098,5.582507,0.206981393492672,3.643441,3.017683,4.269199,0.6257580000000003,5.002222,5.002222,5.002222,0.0,12.289104,104943.3709731807949546199625,72.01501427606113513239044930,-1,-1,-1,-1,-1,-1,-1,-1,-1,-1,19.88095238095238,42,47,2.25,4,3,11,15,23,33,22,6,14,24,15,34,3,2,2,2,0,0,0,0,0,0,15,0,818,1,2,0,1,10,1,837,48,885,1289660,192.168.37.39,94.23.150.81
youtube,streaming,0.02487819504132232,0.000118,3.970305,0.22598115594559517,0.4177953333333333,0.000126,3.970305,0.8432750886914068,0.025852370826010544,0.000118,6.068483,0.3229435525666364,2.3026826666666667,0.993383,3.087128,0.931860534869295,4.07163,2.172947,5.970313,1.898683,15.051308,58267.49409420098239966918490,40.19584211551580766269615903,1,-1,-1,-1,-1,-1,-1,-1,-1,1,23.666666666666668,24,73,2.5714285714285716,7,4,8,18,33,12,33,23,11,7,38,38,4,2,2,2,3,2,3,0,0,0,12,1,558,0,0,0,1,4,0,569,36,605,877002,192.168.37.39,94.23.150.81
youtube,streaming,0.023796940609951845,0.000086,3.216049,0.2114005142646062,0.38966305263157897,0.000131,3.299289,0.812015115628234,0.016384227350427348,0.000086,3.988757,0.19426592531873207,2.8879420000000002,1.894386,4.874203,1.4044986652755018,3.0808340000000003,2.945619,3.216049,0.13521499999999986,14.825494,60814.49967198394873047737903,42.02220850111301518856639785,-1,-1,-1,-1,-1,-1,-1,-1,-1,-1,20.785714285714285,28,46,2.75,4,4,11,36,38,7,36,10,8,23,7,2,2,3,2,4,0,0,0,0,0,0,12,0,578,3,0,0,1,3,0,585,38,623,901605,192.168.37.39,94.23.150.81
youtube,streaming,0.03202593849658314,0.000114,4.399609,0.2650923579670604,0.43911362499999995,0.022061,4.399609,0.9095864579022213,0.034312746928746925,0.000114,6.738282,0.3816194602785924,2.525552333333333,0.563774,6.126339,2.549548140665758,3.241365,2.083121,4.399609,1.158244,14.059387,44692.06232106705647977397592,31.22468995269850669876289770,-1,-1,-1,-1,-1,-1,-1,-1,-1,-1,20.25,20,58,2.6666666666666665,6,5,13,20,33,18,24,8,7,33,32,58,2,2,5,2,3,2,0,0,0,0,16,0,399,4,0,0,1,1,0,407,32,439,628343,192.168.37.39,94.23.150.81
youtube,streaming,0.014022293699186993,0.000087,2.329356,0.1204068805609751,0.22487137704918034,0.000126,2.342016,0.45263002632277527,0.014910772481040087,0.000098,2.377159,0.12808092396049636,5.7342905,0.640680,10.827901,5.0936105000000005,2.329356,2.329356,2.329356,0.0,13.797937,104298.9252668714170821333653,71.31500890314254949852285889,-1,-1,-1,-1,-1,-1,-1,-1,-1,-1,21.833333333333332,42,82,2.1818181818181817,11,4,40,39,35,3,3,6,4,3,5,2,2,2,2,2,2,4,2,2,2,2,35,0,887,1,1,0,2,2,0,923,61,984,1439110,192.168.37.39,94.23.150.81
youtube,streaming,0.011877178691275168,0.000070,3.471548,0.14182840191066928,0.17708276666666664,0.000457,2.249298,0.42446454601251704,0.01250671113074205,0.000082,3.629655,0.15411074557753388,4.2439575,2.570801,5.917114,1.6731565,2.834841,2.198134,3.471548,0.6367069999999999,14.157597,123830.1245613927278760654086,84.19507915079091458811830850,-1,-1,-1,-1,-1,-1,-1,-1,-1,-1,22.11764705882353,51,50,2.0,6,2,19,27,14,25,13,34,18,32,13,27,2,2,2,2,2,2,0,0,0,0,12,0,1124,3,0,0,1,3,0,1132,60,1192,1753137,192.168.37.39,94.23.150.81
youtube,streaming,0.0294124296875,0.000088,4.903972,0.2844989497086675,0.5013925000000001,0.000124,4.903972,1.0752406459992339,0.029178417012448134,0.000114,5.480158,0.33936843316779153,1.1595992499999999,0.878881,1.547019,0.24333256961242875,3.4735890000000005,2.335144,4.903972,1.0688436649884774,15.059164,49622.14369934479762621616977,33.99923129862985754056466880,1,-1,-1,-1,-1,-1,-1,-1,-1,-1,20.91304347826087,23,43,2.2,5,3,11,21,40,43,10,12,16,22,41,10,2,2,2,2,3,0,0,0,0,0,9,0,471,1,0,0,0,3,0,482,30,512,747268,192.168.37.39,94.23.150.81
youtube,streaming,0.029572453093812373,0.000100,4.253881,0.28461745977779995,0.5096086551724138,0.000151,4.253881,1.0912725536794592,0.025105756355932207,0.000117,5.195926,0.33452978116821114,1.491729,0.556294,2.577463,0.831954876056388,3.446870666666667,2.965882,4.253881,0.5741387470825805,14.815799,49410.49753712236511847926663,33.81525356816733272366883487,-1,-1,-1,-1,-1,-1,-1,-1,-1,-1,21.40909090909091,22,50,3.0,3,5,22,4,20,19,35,7,48,2,11,45,2,5,2,0,0,0,0,0,0,0,6,0,467,2,0,0,1,1,1,472,29,501,732056,192.168.37.39,94.23.150.81
youtube,streaming,0.02976888470588236,0.000101,3.831654,0.2702759396142671,0.5244657916666666,0.000101,3.836525,1.025819503855697,0.021995316708229424,0.000102,3.930548,0.2684640808357135,1.214825,0.376145,2.128054,0.7171538426869557,3.0024336666666667,2.094677,3.831654,0.7112890839278281,12.651776,49136.42163756297930029744441,33.59212177009773173347362457,-1,-1,-1,-1,-1,-1,-1,-1,-1,-1,26.666666666666668,15,54,2.6,5,5,19,30,44,13,20,21,21,43,11,53,2,2,5,2,2,0,0,0,0,0,3,1,397,3,0,0,0,2,0,401,24,425,621663,192.168.37.39,94.23.150.81
youtube,streaming,0.01675716859122402,0.000056,2.808839,0.12595174125312614,0.32641075,0.000056,4.796913,0.7416344845136783,0.016834261557177616,0.000094,2.814235,0.1340898848643341,5.8514345,5.627516,6.075353,0.2239184999999999,2.808839,2.808839,2.808839,0.0,14.511708,88680.73971719938135469649748,59.67595268592780394974871325,-1,-1,-1,-1,-1,-1,-1,-1,-1,-1,27.366666666666667,30,70,2.625,8,4,32,27,17,10,30,10,17,18,11,9,3,2,2,2,2,2,4,4,0,0,8,0,821,1,0,0,1,0,0,822,44,866,1286909,192.168.37.39,94.23.150.81
youtube,streaming,0.015294082896117524,0.000106,7.464512,0.2478294667114868,0.3389595581395348,0.000136,8.785492,1.318247484018421,0.013473393406593408,0.000106,7.758564,0.2577389805941235,3.5553745,1.320980,5.789769,2.2343944999999996,7.464512,7.464512,7.464512,0.0,14.575261,95937.97325481855865222585036,65.38476395036768123740631471,1,1,-1,-1,-1,-1,-1,-1,-1,-1,28.4375,32,103,2.25,8,3,30,40,72,96,48,36,6,17,7,8,2,2,3,2,3,2,2,2,0,0,12,2,897,1,0,0,0,4,0,910,43,953,1398321,192.168.37.39,94.23.150.81
youtube,streaming,1.0217642666666666,0.000110,3.968467,1.4713284746090505,2.449189666666667,0.146059,7.201510,3.3609269277815144,0.9964885833333331,0.000110,3.968467,1.4946937419852078,0.606656,0.001786,1.315051,0.5411126249220212,3.376624,2.695377,3.968467,0.4538535007345431,15.326464,704.7287619636205715812858073,0.9786993268636523075381249060,-1,-1,-1,-1,-1,-1,1,1,-1,-1,6.0,2,6,2.0,1,2,6,6,0,0,0,0,0,0,0,0,2,0,0,0,0,0,0,0,0,0,12,0,0,2,0,0,0,0,0,12,3,15,10801,192.168.37.39,94.23.150.81
youtube,streaming,0.08828713173652696,0.000128,4.050243,0.36048430306795587,0.6143312916666668,0.000128,4.237584,0.971818529316837,0.09945670629370629,0.000130,4.050243,0.40940509437813166,5.3468539999999996,0.355552,10.338156,4.991301999999999,4.050243,4.050243,4.050243,0.0,14.743951,14572.07772869022692763968084,11.32667898855605258047859763,1,-1,-1,1,-1,1,1,1,-1,-1,10.846153846153847,13,24,3.0,4,4,2,2,2,17,8,16,12,12,24,13,3,2,4,3,0,0,0,0,0,0,22,0,120,3,0,0,2,1,0,143,24,167,214850,192.168.37.39,94.23.150.81
youtube,streaming,0.009714883916990923,0.000081,3.622229,0.10969341562078949,0.16780257954545452,0.000350,3.622229,0.4379076326872152,0.00908306052269601,0.000081,4.722014,0.13106449657886335,5.679061,4.057954,7.300168,1.6211070000000003,3.622229,3.622229,3.622229,0.0,14.980351,148785.2320683273709674759957,102.9348377751629451139028718,-1,-1,-1,-1,-1,-1,-1,-1,1,-1,18.628205128205128,78,42,2.5,6,3,8,2,2,13,16,17,18,16,9,11,3,2,2,3,2,3,0,0,0,0,33,0,1404,1,0,0,1,16,0,1454,88,1542,2228855,192.168.37.39,94.23.150.81
youtube,streaming,0.015196026888604351,0.000082,3.455444,0.16923519304277676,0.26917279069767447,0.000737,3.455444,0.6776224073783879,0.016081432249322493,0.000082,5.826360,0.23546746203892593,1.2878526666666668,0.459048,2.556042,0.9107286910254278,4.0022695,2.290135,5.714404,1.7121345000000001,11.868097,95308.11890061228855814036572,65.80667481905481561197216369,-1,-1,-1,-1,-1,-1,-1,-1,-1,-1,20.97142857142857,35,47,2.25,4,3,13,11,32,37,2,32,15,36,34,33,2,2,2,3,0,0,0,0,0,0,22,0,709,1,0,0,1,5,0,738,43,781,1131126,192.168.37.39,94.23.150.81
youtube,streaming,0.01175620698051948,0.000085,4.840999,0.16158446577909477,0.22630698437500002,0.000121,4.840999,0.687610774153188,0.010601442636986303,0.000085,6.630714,0.19887814035897022,4.821324000000001,4.241326,5.401322,0.5799980000000002,4.840999,4.840999,4.840999,0.0,14.483647,124838.6542422637060955710948,85.06144895688219962831184715,1,-1,-1,-1,-1,-1,-1,1,-1,-1,24.80851063829787,47,95,2.4,10,3,6,18,35,7,30,5,40,37,6,12,2,2,3,2,3,2,3,2,3,2,13,0,1153,1,0,0,3,5,0,1168,64,1232,1808119,192.168.37.39,94.23.150.81
youtube,streaming,0.008347376594564616,0.000063,1.507395,0.04750675291496125,0.14556150485436892,0.000122,2.002644,0.26540720389630684,0.007620924117647058,0.000063,0.785495,0.03450666695066683,15.05032,15.050320,15.050320,0.0,0.0,0,0,0.0,15.050320,174294.1013878774670571788507,119.7981172493342334249371442,1,1,-1,-1,-1,-1,-1,-1,-1,-1,20.178571428571427,84,59,2.272727272727273,11,5,10,17,59,25,26,2,38,5,4,13,2,2,2,2,2,2,2,2,5,2,32,2,1675,4,0,1,1,11,0,1700,103,1803,2623182,192.168.37.39,94.23.150.81
youtube,streaming,0.01229236971830986,0.000083,5.061698,0.1723319751931091,0.22452290163934427,0.000165,5.061698,0.7158398890476563,0.012983745116279071,0.000083,7.274227,0.23204494220136243,3.4180819999999996,0.900046,5.936118,2.518036,7.127968,7.127968,7.127968,0.0,13.964132,122073.9677911953281449931868,81.35127911996248674819172434,1,-1,-1,-1,-1,-1,-1,-1,-1,-1,21.03921568627451,51,57,2.142857142857143,7,3,11,22,28,6,45,3,18,33,13,20,2,2,2,2,2,2,3,0,0,0,18,1,1026,3,0,0,0,10,0,1075,61,1136,1704657,192.168.37.39,94.23.150.81
youtube,streaming,0.013105786988457501,0.000104,5.266046,0.19575630829554452,0.24374193023255813,0.000111,5.266046,0.8552512309823951,0.013717735164835165,0.000104,7.312309,0.254001990135591,1.636419,0.006676,2.893669,1.2076824698015618,3.790279,2.314512,5.266046,1.475767,12.489815,112310.4705714215943150479010,76.30217100893808274982455705,1,-1,-1,-1,-1,-1,-1,-1,-1,-1,24.56756756756757,37,60,2.0,5,2,27,32,21,23,37,5,5,25,21,9,2,2,2,2,2,0,0,0,0,0,7,1,897,0,0,0,0,5,0,910,43,953,1402737,192.168.37.39,94.23.150.81
